{
  "images": [
    {
      "size": "1024x1024",
      "idiom": "ios-marketing",
      "filename": "app_icon-1024x1024.png",
      "scale": "1x"
    },
    {
      "size": "60x60",
      "idiom": "iphone",
      "filename": "app_icon-180x180.png",
      "scale": "3x"
    },
    {
      "size": "83.5x83.5",
      "idiom": "ipad",
      "filename": "app_icon-167x167.png",
      "scale": "2x"
    },
    {
      "size": "76x76",
      "idiom": "ipad",
      "filename": "app_icon-152x152.png",
      "scale": "2x"
    },
    {
      "size": "40x40",
      "idiom": "iphone",
      "filename": "app_icon-120x120.png",
      "scale": "3x"
    },
    {
      "size": "60x60",
      "idiom": "iphone",
      "filename": "app_icon-120x120.png",
      "scale": "2x"
    },
    {
      "size": "29x29",
      "idiom": "iphone",
      "filename": "app_icon-87x87.png",
      "scale": "3x"
    },
    {
      "size": "40x40",
      "idiom": "ipad",
      "filename": "app_icon-80x80.png",
      "scale": "2x"
    },
    {
      "size": "40x40",
      "idiom": "iphone",
      "filename": "app_icon-80x80.png",
      "scale": "2x"
    },
    {
      "size": "76x76",
      "idiom": "ipad",
      "filename": "app_icon-76x76.png",
      "scale": "1x"
    },
    {
      "size": "20x20",
      "idiom": "iphone",
      "filename": "app_icon-60x60.png",
      "scale": "3x"
    },
    {
      "size": "29x29",
      "idiom": "ipad",
      "filename": "app_icon-58x58.png",
      "scale": "2x"
    },
    {
      "size": "29x29",
      "idiom": "iphone",
      "filename": "app_icon-58x58.png",
      "scale": "2x"
    },
    {
      "size": "20x20",
      "idiom": "ipad",
      "filename": "app_icon-40x40.png",
      "scale": "2x"
    },
    {
      "size": "40x40",
      "idiom": "ipad",
      "filename": "app_icon-40x40.png",
      "scale": "1x"
    },
    {
      "size": "20x20",
      "idiom": "iphone",
      "filename": "app_icon-40x40.png",
      "scale": "2x"
    },
    {
      "size": "29x29",
      "idiom": "ipad",
      "filename": "app_icon-29x29.png",
      "scale": "1x"
    },
    {
      "size": "20x20",
      "idiom": "ipad",
      "filename": "app_icon-20x20.png",
      "scale": "1x"
    }
  ],
  "info": {
    "version": 1,
    "author": "fastlane"
  }
}